book,title,subtitle,theme,status,animals,pages
1,Animal Coloring Book for Kids Ages 4-8,60 Bold & Easy Coloring Pages with Fun Facts,Mixed animals,In Review,60,128
2,Ocean Animals Coloring Book for Kids Ages 4-8,60 Bold & Easy Sea Creatures with Fun Facts,Ocean & marine life,Content + Listing Locked,60,128
3,Farm Animals Coloring Book for Kids Ages 4-8,60 Bold & Easy Farm Friends with Fun Facts,Farm animals,Content + Listing Locked,60,128
4,Jungle Animals Coloring Book for Kids Ages 4-8,60 Bold & Easy Jungle Creatures with Fun Facts,Jungle & rainforest,Content + Listing Locked,60,128
5,Safari Animals Coloring Book for Kids Ages 4-8,60 Bold & Easy Wild Animals with Fun Facts,Savannah & safari,Content + Listing Locked,60,128
6,Forest Animals Coloring Book for Kids Ages 4-8,60 Bold & Easy Woodland Creatures with Fun Facts,Forest & woodland,Content + Listing Locked,60,128
7,Arctic Animals Coloring Book for Kids Ages 4-8,60 Bold & Easy Polar Creatures with Fun Facts,Arctic & Antarctic,Content + Listing Locked,60,128
8,Pets Coloring Book for Kids Ages 4-8,60 Bold & Easy Pets with Fun Facts,Pets & companion animals,Content + Listing Locked,60,128
9,Dinosaur Coloring Book for Kids Ages 4-8,60 Bold & Easy Dinosaurs & Prehistoric Animals with Fun Facts,Dinosaurs & prehistoric animals,Content + Listing Locked,60,128
10,Birds Coloring Book for Kids Ages 4-8,60 Bold & Easy Birds with Fun Facts,Birds,Content + Listing Locked,60,128
11,Bugs & Butterflies Coloring Book for Kids Ages 4-8,60 Bold & Easy Insects & Tiny Creatures with Fun Facts,"Bugs, butterflies & tiny creatures",Content + Listing Locked,60,128
12,Reptiles & Amphibians Coloring Book for Kids Ages 4-8,"60 Bold & Easy Reptiles, Frogs & More with Fun Facts",Reptiles & amphibians,Content + Listing Locked,60,128
13,Dogs Coloring Book for Kids Ages 4-8,60 Bold & Easy Dog Breeds with Fun Facts,Dog breeds,Content + Listing Locked,60,128
14,Cats Coloring Book for Kids Ages 4-8,60 Bold & Easy Cats & Kittens with Fun Facts,"Cat breeds, coats & kittens",Content + Listing Locked,60,128
15,Horses Coloring Book for Kids Ages 4-8,60 Bold & Easy Horses & Ponies with Fun Facts,Horse breeds & ponies,Content + Listing Locked,60,128
16,Baby Animals Coloring Book for Kids Ages 4-8,60 Bold & Easy Baby Animals with Fun Facts,Baby animals,Content + Listing Locked,60,128
17,Zoo Animals Coloring Book for Kids Ages 4-8,60 Bold & Easy Zoo Favorites with Fun Facts,Zoo favorites,Content + Listing Locked,60,128
18,Australian Animals Coloring Book for Kids Ages 4-8,60 Bold & Easy Aussie Animals with Fun Facts,Australia & Oceania wildlife,Content + Listing Locked,60,128
19,Nocturnal Animals Coloring Book for Kids Ages 4-8,60 Bold & Easy Night Creatures with Fun Facts,Night animals,Content + Listing Locked,60,128
20,Endangered Animals Coloring Book for Kids Ages 4-8,60 Bold & Easy Rare Animals with Fun Facts,Endangered & threatened wildlife,Content + Listing Locked / Conservation QA Required,60,128
21,North American Animals Coloring Book for Kids Ages 4-8,60 Bold & Easy Wild Animals with Fun Facts,North American wildlife,Content + Listing Locked,60,128
22,Backyard Animals Coloring Book for Kids Ages 4-8,60 Bold & Easy Backyard Creatures with Fun Facts,Backyard wildlife,Content + Listing Locked,60,128
23,Desert Animals Coloring Book for Kids Ages 4-8,60 Bold & Easy Desert Creatures with Fun Facts,Desert wildlife,Content + Listing Locked,60,128
24,River & Wetland Animals Coloring Book for Kids Ages 4-8,60 Bold & Easy Waterway Creatures with Fun Facts,"Rivers, ponds & wetlands",Content + Listing Locked,60,128
25,Mountain Animals Coloring Book for Kids Ages 4-8,60 Bold & Easy Mountain Creatures with Fun Facts,Mountain wildlife,Content + Listing Locked,60,128
26,Cute Animals Coloring Book for Kids Ages 4-8,60 Bold & Easy Adorable Animals with Fun Facts,Cute animal mix,Content + Listing Locked,60,128
27,Rainforest Birds Coloring Book for Kids Ages 4-8,60 Bold & Easy Tropical Birds with Fun Facts,Rainforest birds,Content + Listing Locked,60,128
28,Sharks & Rays Coloring Book for Kids Ages 4-8,60 Bold & Easy Ocean Predators & Rays with Fun Facts,"Sharks, rays & relatives",Content + Listing Locked,60,128
29,Animal Families Coloring Book for Kids Ages 4-8,60 Bold & Easy Animal Parents & Babies with Fun Facts,Animal families,Content + Listing Locked,60,128
30,Animal Homes & Habitats Coloring Book for Kids Ages 4-8,"60 Bold & Easy Nests, Dens, Burrows & Habitats with Fun Facts",Animal homes & habitats,Content + Listing Locked,60,128
