page,content
1,Title page
2,Copyright - MIST°
3,This Book Belongs To
4,Welcome to Your Nocturnal Animal Adventure
5,Coloring Tips
6,Color Test Page
7,Animal Adventure Checklist
8,Blank
9,Barn Owl
10,Blank reverse
11,Great Horned Owl
12,Blank reverse
13,Eastern Screech-Owl
14,Blank reverse
15,Burrowing Owl
16,Blank reverse
17,Tawny Owl
18,Blank reverse
19,Snowy Owl
20,Blank reverse
21,Long-Eared Owl
22,Blank reverse
23,Short-Eared Owl
24,Blank reverse
25,Little Owl
26,Blank reverse
27,Nightjar
28,Blank reverse
29,Nighthawk
30,Blank reverse
31,Kakapo
32,Blank reverse
33,Kiwi
34,Blank reverse
35,Tarsier
36,Blank reverse
37,Aye-Aye
38,Blank reverse
39,Slow Loris
40,Blank reverse
41,Bushbaby
42,Blank reverse
43,Mouse Lemur
44,Blank reverse
45,Raccoon
46,Blank reverse
47,Opossum
48,Blank reverse
49,Skunk
50,Blank reverse
51,Badger
52,Blank reverse
53,Hedgehog
54,Blank reverse
55,Porcupine
56,Blank reverse
57,Armadillo
58,Blank reverse
59,Fennec Fox
60,Blank reverse
61,Red Fox
62,Blank reverse
63,Gray Fox
64,Blank reverse
65,Coyote
66,Blank reverse
67,Bobcat
68,Blank reverse
69,Leopard
70,Blank reverse
71,Clouded Leopard
72,Blank reverse
73,Black-Footed Cat
74,Blank reverse
75,Pallas's Cat
76,Blank reverse
77,Binturong
78,Blank reverse
79,Civet
80,Blank reverse
81,Genet
82,Blank reverse
83,Kinkajou
84,Blank reverse
85,Sugar Glider
86,Blank reverse
87,Flying Squirrel
88,Blank reverse
89,Vampire Bat
90,Blank reverse
91,Fruit Bat
92,Blank reverse
93,Little Brown Bat
94,Blank reverse
95,Greater Horseshoe Bat
96,Blank reverse
97,Flying Fox
98,Blank reverse
99,Moth
100,Blank reverse
101,Firefly
102,Blank reverse
103,Scorpion
104,Blank reverse
105,Tarantula
106,Blank reverse
107,Orb-Weaver Spider
108,Blank reverse
109,Praying Mantis
110,Blank reverse
111,Katydid
112,Blank reverse
113,Cricket
114,Blank reverse
115,Gecko
116,Blank reverse
117,Tokay Gecko
118,Blank reverse
119,Leopard Gecko
120,Blank reverse
121,Ball Python
122,Blank reverse
123,Boa Constrictor
124,Blank reverse
125,Axolotl
126,Blank reverse
127,Cane Toad
128,Blank reverse
